user_id,email_address,last_login
1,OuLusw.nWmfArCaU@iujd.Cpy,2025-03-23 15:54:43
2,zWUC.zfAvSE@AbQRmdR.Ynr,2025-02-27 15:35:22
3,oGNlzH.cLXzUzW@CAOv.amU,2025-03-07 16:29:50
4,uqtqJDPK.hkVgBpGZL@LkqCoopvsB.sLM,2025-02-14 02:48:32
5,hxYBvuM.apkMOJm@EInh.yk,2025-01-22 05:46:54
6,dpzgNjV.CBIQFL@HNtz.ra,2025-03-02 19:19:49
7,JMPfXX.bDmOtUB@qRO.rwW,2025-01-19 10:14:18
8,SiDTfc.FEcs@OLWb.LHl,2025-04-07 05:14:09
9,vOKuRK.mplbQI@wKOc.DMZ,2025-04-02 12:11:20
10,VpAhpw.vjtrTx@RXRFIJE.hEI,2025-01-14 05:32:05
11,GYfYsz.XEp@PSYDQWC.FJo,2025-03-13 02:49:48
12,qsTM.dLXQS@XFlavM.Fl,2025-01-26 15:37:38
13,DayRN.aJxhxuq@dZv.vKJ,2025-01-20 12:18:01
14,Fovyvrs.DTqVb@WjBWouq.LMv,2025-03-29 09:43:33
15,KQRg.fHLzTDo@uoEHZploNx.FWV,2025-01-22 10:13:36
16,nNAxJ.wffRkJW@bOLsiRjndH.KcW,2025-02-05 22:45:08
17,ocxRCv.aWrdYazT@DMJVTmU.ezS,2025-02-10 16:40:09
18,eVyTx.JAPt@ApkNPJe.XEX,2025-03-25 09:55:12
19,UBFvDlH.Atvn@IEH.Xjg,2025-01-21 22:37:11
16,ztFU.QXrih@pEIbkH.hlH,2025-02-13 02:30:48
17,wSukMi.lKJpCzB@pKzU.kI,2025-01-16 21:54:49
20,cIFhwbc.tEbgL@SLGAfHw.Ene,2025-01-14 19:52:17
21,jSpXR.mdktyPtBl@ludk.lP,2025-04-04 22:12:13
18,WgeIaGC.YmSTX@CfiKFiiom.rjF,2025-02-10 06:55:05
22,OjTdRDW.NoBgSU@wIZoXxa.OHj,2025-02-14 15:12:10
23,LluGWq.whGBA@BXWo.BT,2025-04-04 07:01:24
24,rwDnVo.pwKQvs@WPNXfLNmkh.JOC,2025-04-03 01:59:22
25,jJKvn.VKECS@hnytArG.hta,2025-03-03 06:47:44
26,egrGGPd.GjLnP@SFbifn.TlM,2025-03-13 10:40:20
27,povLb.dSkYuXWLc@qKySNaiZpW.PEw,2025-03-03 12:56:41
28,ujKflMD.tzaXp@mLcP.lO,2025-02-13 22:22:00
29,kSotrso.tVBalJxO@UlnvW.ReM,2025-02-18 08:15:27
30,SyoZL.UvZywHrb@MedhzXN.aQb,2025-02-24 04:26:20
31,PnNttuj.hmbsAbE@JTe.hdJ,2025-02-26 10:52:42
32,zmaMr.kXCAx@CSMA.vir,2025-01-09 06:25:45
33,SigWU.hvBzh@pUxm.tu,2025-02-11 12:38:01
4,xBDlEQm.nlZMss@CRVqlLM.yFJ,2025-03-24 22:32:20
34,IkXJFui.tDHTBkvL@CngLOoa.fqA,2025-03-06 17:17:14
35,uMFXsbU.kwmTj@jcHObHN.PRw,2025-03-05 04:35:55
36,FLsOGTI.NZlh@RNQNgA.lg,2025-03-03 06:49:47
37,EwGPnj.lLLbO@eXZF.mlt,2025-01-18 06:12:03
38,oTXOZN.MZJf@wtV.bmo,2025-01-29 01:57:51
39,wjhIWpu.FfEUTl@nWsN.fh,2025-02-16 03:40:30
40,TbcdDSZ.fHcce@TLhXkI.TyM,2025-01-09 02:04:34
41,nYvuypx.eHvOd@fsTl.Fr,2025-04-01 16:47:02
42,VewjFRI.DzrOkMUk@vNBQEZb.qRc,2025-04-03 15:25:13
43,cVjINqa.FPByouZ@rIfOWRIiqG.MgX,2025-04-07 02:22:52
38,iHpJUgFl.gbbKu@WltvFW.klO,2025-03-14 19:17:45
44,dFlBk.wGAwoDEc@EZLe.CRf,2025-01-10 16:21:22
45,spKKC.qyIAcoPCL@xsLxegMJlJ.csv,2025-03-10 13:02:19
46,LDde.zrqdjn@VEgi.kYp,2025-01-17 12:57:21
4,OCLoH.IWEjZ@DDb.bOT,2025-03-18 09:52:30
47,NnjVg.yTZwoBVz@UICN.giC,2025-01-07 21:09:58
48,CWCQX.msUw@zUbiUkO.XZE,2025-01-25 01:40:00
15,YXvl.qbgtDE@JGYzwIh.THB,2025-01-10 08:16:39
49,bmeN.ttgzXkE@algqRAX.MBC,2025-01-17 18:30:17
50,VkxFJ.rnwWx@fLHmZnD.IPX,2025-02-03 00:26:30
51,WxnyiA.FwNKv@ztdwoVV.euv,2025-03-16 12:22:26
52,LuPgL.xjdlql@BOzhsQa.BHI,2025-02-24 04:30:10
53,pVZJwMQH.YpNOVq@LkhU.yu,2025-04-05 12:00:47
26,hVPhE.uAm@eyDi.sk,2025-01-08 17:50:14
27,tAbEpRzQ.vjanmPPk@TScde.LlE,2025-03-16 16:06:24
54,fVuabXB.uCCGpQ@GOhC.kiE,2025-02-25 06:44:56
55,ybpcEG.EbKMX@oRFH.sDH,2025-02-11 15:24:31
56,CcVJK.ctvaZ@hNNkO.dZo,2025-03-15 10:13:45
57,jzaKWL.FGLjq@SgG.kDQ,2025-03-17 22:50:29
22,AggdnHv.VBQRQhAk@zJgL.vPk,2025-03-10 15:15:28
58,hKtVYk.yHBSNiOK@QTOL.mNL,2025-02-12 21:51:17
59,ngVrS.QKiJD@OhZgrnO.VmY,2025-02-12 07:57:22
60,fFqxSxR.ngRuQJqf@ysqZNUO.Iys,2025-03-05 20:10:11
61,AOpgL.tjIV@yUCzCK.eUa,2025-01-14 23:05:28
62,xKftcud.LkXzJ@SUIMtyy.BUt,2025-02-21 22:59:48
63,dfHQh.earZDD@tej.KoD,2025-03-11 11:00:40
64,nyGt.EuWB@yhjOOlvpk.Gjq,2025-02-25 18:21:52
65,fRqGQ.DQhbcgHB@RcNGuhr.mrF,2025-02-08 08:01:18
66,pUwaKxa.denHh@CVYdcCbjwf.ccr,2025-01-22 05:24:11
67,IwbiQIw.koOcmxg@Kfcbtf.eW,2025-02-21 07:49:03
68,UtvsM.TjVuF@DXZr.ITW,2025-01-28 02:24:31
69,pqMZuSr.DgnIoZ@RRoFNCXx.Ohk,2025-02-04 02:26:56
70,pemuWg.kZoJnE@exRoF.MrR,2025-04-02 11:14:13
71,lxHP.ruPeMW@ETVKhm.JU,2025-02-07 09:49:02
20,CgXa.Hzyfetb@eDLkvC.ES,2025-02-09 12:34:42
72,ZekcD.WyfitP@FrcqtDn.iQd,2025-01-14 17:50:45
22,UOnCEQC.VyKjA@UIf.Qlt,2025-03-29 16:08:37
73,EzeOga.aTNBn@qJxz.dy,2025-01-19 13:04:23
74,VehUd.zQJqlefp@jeIiWxn.HHx,2025-04-06 04:29:46
75,NWqYrog.LahVnq@jtpSGl.aUt,2025-03-05 17:57:14
76,qpHwHVR.UVBoJx@XcmDAhMMni.TtG,2025-03-17 07:12:49
77,mKbHHfygS.PRtddlTj@PNJXTn.XV,2025-01-08 00:28:34
32,pmGHuYU.AjKFmm@VXQrqODu.diO,2025-02-15 07:24:35
78,nRbR.IfUaL@KKNtey.rVt,2025-02-13 22:44:33
79,SIeME.FHSCox@QFYJMTfEMk.YON,2025-03-18 10:34:56
80,lXtXS.acFdN@NjuR.TO,2025-01-25 07:22:51
81,TdSfIje.maTDo@rldOG.XWS,2025-03-05 12:11:24
82,VDLEYN.qHklbpY@gLzJ.PPJ,2025-02-04 02:11:10
83,TaYgi.LPEan@YPAoj.dVJ,2025-02-08 22:42:35
84,nHGKT.WoWdlsUx@fZgoFG.NkR,2025-01-29 19:02:43
85,qxTAa.UbiinC@KJhM.AyL,2025-03-20 18:08:24
86,foLcy.RqRNeeyT@AFUkXTLZNj.rKg,2025-04-05 05:30:05
87,UhHI.BeTQK@mdWeGbk.Cay,2025-03-30 04:14:01
